ref_code,pcs_available,description,brand_str,category_str,colour_str,scale_str,notes
GP002C,10,312 T4 Montecarlo 1979 Villeneue,GP Replicas,Racing,Red,1:18,
GP002D,100,312 T4 Montecarlo 1979 Scheckter,GP Replicas,Racing,Red,1:18,
GP002E,200,312 T4 Villeneuve,GP Replicas,Racing,Red,1:18,
GP002F,300,312 T4 Scheckter,GP Replicas,Racing,Red,1:18,
GP005A,500,McLaren Lauda W.C.,GP Replicas,Racing,,1:18,
GP005B,500,McLaren Prost,GP Replicas,Racing,,1:18,
GP006A,,Ferrari 330 p4 n.24 2nd Daytona '67,GP Replicas,Racing,Red,1:18,
GP006B,,Ferrari 330 p4 n.3 W. 1000km Monza,GP Replicas,Racing,Red,1:18,
GP006C,,Ferrari 330 p4W red,GP Replicas,Racing,Red,1:18,
GP006D,,Ferrari 330 p4 n.3 LeMans,GP Replicas,Racing,Red,1:18,
GP007A,200,"Lotus type 78, 1977 - N. 5 - Mario Andretti",GP Replicas,Racing,Black,1:18,
GP007B,,"Lotus type 78, 1977 - Ronnie Peterson",GP Replicas,Racing,Black,1:18,
GP008A,100,F1 87/88C Gerhard Berger,GP Replicas,Racing,Red,1:18,
GP008B,,F1 87/88C Michele Alboreto,GP Replicas,Racing,Red,1:18,
GP008C,,F1 87/88C Monaco GP 1988 Berger,GP Replicas,Racing,Red,1:18,
GP013A,,Lotus 72C Jochen Rindt W.Ch,GP Replicas,Racing,Red,1:18,
GP013B,100,Lotus 72C Johan Miles,GP Replicas,Racing,Red,1:18,
GP013C,,Lotus 72C Emerson Fittipaldi,GP Replicas,Racing,Red,1:18,
GP014A,,Formula Niki Lauda World Chapion,GP Replicas,Racing,Red,1:18,
GP014B,,FormulaCarlos Reutemann,GP Replicas,Racing,Red,1:18,
GP014C,300,Formula Cilles Villeneuve,GP Replicas,Racing,Red,1:18,
GP014D,,Formula Niki Lauda,GP Replicas,Racing,Red,1:18,
GP014E,,Ferrari 312 T2 1977 Zandvoort Niki Lauda,GP Replicas,Racing,Red,1:18,
GP014F,,Ferrari 312 T2 1977 Twin Wheel Niki Lauda,GP Replicas,Racing,Red,1:18,
GP015A,,W196 Open wheel 1955 Argentine Grand Prix,GP Replicas,Racing,Silver,1:18,
GP015B,,W196 Open wheel 1955 Belgian Grand Prix Winner,GP Replicas,Racing,Silver,1:18,
GP015C,,W196 Open wheel 1955 British Grand Prix,GP Replicas,Racing,Silver,1:18,
GP016A,,Ferrari 126 CK 1981 Villeneuve,GP Replicas,Racing,Red,1:18,
GP016B,,Ferrari 126 CK 1981 Pironi,GP Replicas,Racing,Red,1:18,
GP017A,,Ferrari F189 640 Nigel Mansel,GP Replicas,Racing,Red,1:18,
GP017B,,Ferrari F189 640  Gerhard Berger,GP Replicas,Racing,Red,1:18,
GP018A,,Ferrari 412 T1 Alesi,GP Replicas,Racing,Red,1:18,
GP018B,,Ferrari 412 T1 Berger,GP Replicas,Racing,Red,1:18,
GP019A,,Ferrari 126 C2 1982,GP Replicas,Racing,Red,1:18,
GP019B,,Ferrari 126 C2 1982,GP Replicas,Racing,Red,1:18,
GP019C,,Ferrari 126 C2 Long Beach Villeneuve,GP Replicas,Racing,Red,1:18,
GP019D,,Ferrari 126 C2 Long Beach Pironi,GP Replicas,Racing,Red,1:18,
GP019G,,Ferrari 126 C2 Tambay,GP Replicas,Racing,Red,1:18,
GP019H,,Ferrari 126 C2 Andretti,GP Replicas,Racing,Red,1:18,
GP020A,,F92A Jean Alesi,GP Replicas,Racing,Red,1:18,
GP020B,,F92A Ivan Capelli,GP Replicas,Racing,Red,1:18,
GP024A,,Ferrari 643 #27 Prost,GP Replicas,Racing,Red,1:18,
GP024B,,Ferrari 643 #28 Alesi,GP Replicas,Racing,Red,1:18,
GP024PB,,Ferrari 643 Pure Black Edition,GP Replicas,Racing,Black,1:18,
GP025A,,Ferrari 312 B3 1974 Niki Lauda,GP Replicas,Racing,Red,1:18,
GP025B,,Ferrari 312 B3 1974 Clay Regazzoni,GP Replicas,Racing,Red,1:18,
GP025C,,Ferrari 312 B3 1974 Niki Lauda,GP Replicas,Racing,Red,1:18,
GP026A,,Ferrari 312 T 1975 Niki Lauda,GP Replicas,Racing,Red,1:18,
GP026B,,Ferrari 312 T 1975 Clay Regazzoni,GP Replicas,Racing,Red,1:18,
GP028A,,Ferrari 156-85 Alboreto,GP Replicas,Racing,Red,1:18,
GP028B,,Ferrari 156-85 Arnoux,GP Replicas,Racing,Red,1:18,
GP030A,,Ferrari 312 F1 1967,GP Replicas,Racing,Red,1:18,
GP030B,,Ferrari 312 F1 1967,GP Replicas,Racing,Red,1:18,
GP031A,,Ferrari 312 B2 1972 Jacky Ickx,GP Replicas,Racing,Red,1:18,
GP031B,,Ferrari 312 B2 1972 Clay Regazzoni,GP Replicas,Racing,Red,1:18,
GP033A,,Ferrari 126 C2B 1983 Tambay,GP Replicas,Racing,Red,1:18,
GP033B,,Ferrari 126 C2B 1983 Arnoux,GP Replicas,Racing,Red,1:18,
GP035A,,Ferrari 641/2 1990 Alain Prost,GP Replicas,Racing,Red,1:18,
GP035B,,Ferrari 641/2 1990 Nigel Mansell,GP Replicas,Racing,Red,1:18,
GP043A,,Model mp4/4 Alain Prost,GP Replicas,Racing,,1:18,
GP045A,,Ferrari 312 T5 1980 Scheckter,GP Replicas,Racing,Red,1:18,
GP045B,,Ferrari 312 T5 1980 Villeneuve,GP Replicas,Racing,Red,1:18,
GP1201A,,312 T4 Jody Scheckter,GP Replicas,Racing,Red,1:12,
GP1201B,,Ferrari 312T4 n.12  Villeneuve,GP Replicas,Racing,Red,1:12,
GP1201C,,Ferrari 312T4 n.12  Jody Shecter,GP Replicas,Racing,Red,1:12,
GP1201D,,Ferrari 312T4 n.12 Villeneuve Short Tail,GP Replicas,Racing,Red,1:12,
GP1204A,,Model mp4/2 1984 - Nicky Lauda W.C.,GP Replicas,Racing,,1:12,
GP1204B,,Model mp4/2 1984 - A.Prost-2nd place W.C.,GP Replicas,Racing,,1:12,
GP1205A,,Model mp4/2 1984 - Nicky Lauda W.C.,GP Replicas,Racing,,1:12,
GP1205B,,Model mp4/2 1984 - A.Prost-2nd place W.C.,GP Replicas,Racing,,1:12,
GP1207A,,Merceded W196 Streamliner-n. 18,GP Replicas,Racing,Silver,1:12,
GP1207B,,Merceded W196 Streamliner-n. 20,GP Replicas,Racing,Silver,1:12,
GP1207C,,Merceded W196 Streamliner-n. 22,GP Replicas,Racing,Silver,1:12,
GP1208A,,Ferrari Testa Rossa 250 red,GP Replicas,Street,Red,1:12,
GP1208B,,Ferrari Testa Rossa 250 white/blue,GP Replicas,Racing,Black,1:12,
GP1208C,,Ferrari Testa Rossa 250 black/red,GP Replicas,Racing,,1:12,
GP1208D,,Ferrari Testa Rossa 250 yellow/black,GP Replicas,Racing,,1:12,
GP1208E,,Ferrari Testa Rossa 250 silver/red,GP Replicas,Racing,,1:12,
GP1209A,,330 P4 Monza Winner 1967 N.3,GP Replicas,Racing,Red,1:12,
GP1209B,,330 2nd Place Daytona 1967 N.24,GP Replicas,Racing,Red,1:12,
GP1210A,,"126 C2 1982, Gilles Villeneuve",GP Replicas,Racing,Red,1:12,
GP1210B,,"126 C2 1982, Didier Pironi",GP Replicas,Racing,Red,1:12,
GP1210C,,"126 C2 1980, Patrick Tambay",GP Replicas,Racing,Red,1:12,
GP1210E,,"126 C2 1982, Gilles Villeneuve long beach twin",GP Replicas,Racing,Red,1:12,
GP1210F,,"126 C2 1982, Didier Pironi long beach twin",GP Replicas,Racing,Red,1:12,
GP1210G,,Ferrari 126 C2 1982 GP Zolder Villeneuve,GP Replicas,Racing,Red,1:12,
GP1210H,,Ferrari 126 C2 1982 GP Italy Villeneuve,GP Replicas,Racing,Red,1:12,
GP1211A,,312 T4 1975 Niky Lauda,GP Replicas,Racing,Red,1:12,
GP1211B,,312 T4 197 Clary Regazzoni,GP Replicas,Racing,Red,1:12,
GP1216A,,Ferrari 126 CK 1981 N. 27 - G.Villeneuve,GP Replicas,Racing,Red,1:12,
GP1216B,,Ferrari 126 CK 1981 N. 28 - D. Pironi,GP Replicas,Racing,Red,1:12,
GP4301A,,Ferrari 312 B3 1974 Niki Lauda,GP Replicas,Racing,Red,1:43,
GP4301B,,Ferrari 312 B3 1974 Clay Regazzoni,GP Replicas,Racing,Red,1:43,
GP4301C,,Ferrari 312 B3 1974 Niki Lauda Spanish GP,GP Replicas,Racing,Red,1:43,
GP4302A,,Ferrari F1-89 Nigel Mansell,GP Replicas,Racing,Red,1:43,
GP4302B,,Ferrari F1-89 Gerhard Berger,GP Replicas,Racing,Red,1:43,
GP4303A,,Ferrari 312 T2 1977 Niki Lauda,GP Replicas,Racing,Red,1:43,
GP4303B,,Ferrari 312 T2 1977 Carlo Reutmann,GP Replicas,Racing,Red,1:43,
GP4306A,,Ferrari 641/2 1990 Alain Prost,GP Replicas,Racing,Red,1:43,
GP4306B,,Ferrari 641/2 1990 Nigel Mansell,GP Replicas,Racing,Red,1:43,
GPSET001,,Niki Lauda World Champion Set,GP Replicas,Racing,,1:18,
LS001A,,Range Rover 1986 Series 1,LS Collectibles,Street,Green,1:18,
LS001B,,Range Rover 1986 Series 1,LS Collectibles,Street,Silver,1:18,
LS001C,,Range Rover 1986 Series 1,LS Collectibles,Street,Blue,1:18,
LS002A,,Triumph TR6,LS Collectibles,Street,Green,1:18,
LS002B,,Triumph TR6,LS Collectibles,Street,Blue,1:18,
LS004A,,Mercedes ML63 AMG,LS Collectibles,Street,Black,1:18,
LS004B,,Mercedes ML63 AMG,LS Collectibles,Street,Silver,1:18,
LS004C,,Mercedes ML63 AMG,LS Collectibles,Street,White,1:18,
LS008A,,TVR Sgaris 2005,LS Collectibles,Street,Green,1:18,
LS008B,,TVR Sgaris 2005,LS Collectibles,Street,Yellow,1:18,
LS008C,,TVR Sgaris 2005,LS Collectibles,Street,Gray,1:18,
LS015A,,Toyota Supra MKIV 1993,LS Collectibles,Street,Red,1:18,
LS015S,,Toyota Supra MKIV 1993,LS Collectibles,Street,Blue,1:18,
LS016A,,Dodge Viper GTS,LS Collectibles,Street,Blue,1:18,
LS016B,,Dodge Viper GTS,LS Collectibles,Street,Red,1:18,
LS016C,,Dodge Viper GTS,LS Collectibles,Street,Silver,1:18,
LS018A,,Nissan 300 ZX 1992 cherry red,LS Collectibles,Street,Red,1:18,
LS018B,,Nissan 300 ZX 1992,LS Collectibles,Street,Yellow,1:18,
LS018C,,Nissan 300 ZX 1992,LS Collectibles,Street,Black,1:18,
LS018D,,Nissan 300 ZX 1992,LS Collectibles,Street,White,1:18,
LS018E,,Nissan 300 ZX 1992,LS Collectibles,Street,Red,1:18,
LS018F,,Nissan 300 ZX 1992,LS Collectibles,Street,Silver,1:18,
LS019A,,Mitsubishi 3000 GTO 1992,LS Collectibles,Street,Red,1:18,
LS019B,,Mitsubishi 3000 GTO 1992,LS Collectibles,Street,Black,1:18,
LS019C,,Mitsubishi 3000 GTO 1992,LS Collectibles,Street,White,1:18,
LS019D,,Mitsubishi 3000 GTO 1992,LS Collectibles,Street,Blue,1:18,
LS020A,,"BMW 323 Alpina, 1983",LS Collectibles,Street,Gray,1:18,
LS020B,,"BMW 323 Alpina, 1983",LS Collectibles,Street,White,1:18,
LS020C,,"BMW 323 Alpina, 1983",LS Collectibles,Street,Red,1:18,
LS020D,,"BMW 323 Alpina, 1983",LS Collectibles,Street,Green,1:18,
LS020E,,"BMW 323 Alpina, 1983 dark gray",LS Collectibles,Street,Gray,1:18,
LS022A,,Porsche 928 S4,LS Collectibles,Street,Blue,1:18,
LS022B,,Porsche 928 S4,LS Collectibles,Street,Black,1:18,
LS022C,,Porsche 928 Club Sport 1988,LS Collectibles,Street,White,1:18,
LS022D,,Porsche 928 Club Sport 1988,LS Collectibles,Street,Red,1:18,
LS022DC,,Porsche 928 S4  red special colour,LS Collectibles,Street,Red,1:18,
LS023A,,Porsche 944 turbo S,LS Collectibles,Street,Silver,1:18,
LS023B,,Porsche 944 turbo S,LS Collectibles,Street,Red,1:18,
LS023C,,Porsche 944 turbo S,LS Collectibles,Street,Black,1:18,
LS023DC,,Porsche 944 - white special color,LS Collectibles,Street,White,1:18,
LS023E,,Porsche 944 turbo  S metal red - black interior,LS Collectibles,Street,Red,1:18,
LS023F,,Porsche 944 turbo  S  metal blue - black interior,LS Collectibles,Street,Blue,1:18,
LS023G,,Porsche 944 Turbo S,LS Collectibles,Street,Green,1:18,
LS023H,,Porsche 944 Turbo S,LS Collectibles,Street,Yellow,1:18,
LS024A,,Aston Martin lagonda 1974,LS Collectibles,Street,Purple,1:18,
LS024B,,Aston Martin lagonda 1974,LS Collectibles,Street,Silver,1:18,
LS024C,,Aston Martin lagonda 1974,LS Collectibles,Street,Blue,1:18,
LS024D,,Aston Martin lagonda 1974,LS Collectibles,Street,Gray,1:18,
LS025A,,Jaguar XJ6,LS Collectibles,Street,Green,1:18,
LS025B,,Jaguar XJ6,LS Collectibles,Street,Blue,1:18,
LS025C,,Jaguar XJ6,LS Collectibles,Street,Purple,1:18,
LS025D,,Jaguar XJ6,LS Collectibles,Street,Silver,1:18,
LS025E,,Jaguar XJ6,LS Collectibles,Street,Black,1:18,
LS025F,,Jaguar XJ6  light blue,LS Collectibles,Street,Blue,1:18,
LS025G,,Jaguar XJ6,LS Collectibles,Street,White,1:18,
LS025H,,Jaguar XJ6 bronze,LS Collectibles,Street,Brown,1:18,
LS025I,,Jaguar XJ6,LS Collectibles,Street,Green,1:18,
LS025J,,Jaguar XJ6 1982,LS Collectibles,Street,Red,1:18,
LS025K,,Jaguar XJ6 1982,LS Collectibles,Street,Green,1:18,
LS025L,,Jaguar XJ6 1982,LS Collectibles,Street,Blue,1:18,
LS025M,,Jaguar XJ6 1982,LS Collectibles,Street,Gray,1:18,
LS028A,,"Tesla model S,2012",LS Collectibles,Street,Blue,1:18,
LS028B,,"Tesla model S,2012",LS Collectibles,Street,White,1:18,
LS028C,,"Tesla model S,2012",LS Collectibles,Street,Gray,1:18,
LS028D,,Tesla model S facelift,LS Collectibles,Street,Red,1:18,
LS028E,,Tesla model S facelift,LS Collectibles,Street,Blue,1:18,
LS028F,,Tesla model S facelift,LS Collectibles,Street,Gray,1:18,
LS028G,,Tesla model S facelift white pearl,LS Collectibles,Street,White,1:18,
LS028H,,Tesla model S facelift,LS Collectibles,Street,Black,1:18,
LS028J,,Tesla model S facelift,LS Collectibles,Street,White,1:18,
LS029A,,BMW Alpina B7,LS Collectibles,Street,White,1:18,
LS029B,,BMW Alpina B7,LS Collectibles,Street,Green,1:18,
LS029C,,BMW Alpina B7,LS Collectibles,Street,Black,1:18,
LS029D,,BMW Alpina B7,LS Collectibles,Street,Blue,1:18,
LS029E,,BMW Alpina B7,LS Collectibles,Street,Silver,1:18,
LS029F,,BMW Alpina B7,LS Collectibles,Street,Brown,1:18,
LS030A,,Tesla model X,LS Collectibles,Street,Blue,1:18,
LS030B,,Tesla model X,LS Collectibles,Street,Red,1:18,
LS030C,,Tesla model X dark blu,LS Collectibles,Street,Blue,1:18,
LS030D,,Tesla model X,LS Collectibles,Street,White,1:18,
LS030E,,Tesla model X,LS Collectibles,Street,Black,1:18,
LS030F,,Tesla model X electric blue,LS Collectibles,Street,Blue,1:18,
LS031A,,Toyota Celica ST205,LS Collectibles,Street,Black,1:18,
LS031B,,Toyota Celica ST205,LS Collectibles,Street,Red,1:18,
LS031C,,Toyota Celica ST205,LS Collectibles,Street,Yellow,1:18,
LS031D,,Toyota Celica ST205,LS Collectibles,Street,Silver,1:18,
LS032A,,Toyota Celica Supra MK2,LS Collectibles,Street,Black,1:18,
LS032B,,Toyota Celica Supra MK2,LS Collectibles,Street,Red,1:18,
LS032C,,"Toyota Celica Supra MK2, light blue",LS Collectibles,Street,Blue,1:18,
LS032D,,Toyota Celica Supra MK2,LS Collectibles,Street,White,1:18,
LS032E,,Toyota Celica Supra MK2,LS Collectibles,Street,Brown,1:18,
LS032F,,Toyota Celica Supra MK2,LS Collectibles,Street,Blue,1:18,
LS032G,,Toyota Celica Supra MK2,LS Collectibles,Street,Brown,1:18,
LS033A,,Mitsubishi Starior,LS Collectibles,Street,Red,1:18,
LS033B,,Mitsubishi Starior,LS Collectibles,Street,Blue,1:18,
LS033C,,Mitsubishi Starior,LS Collectibles,Street,Black,1:18,
LS033D,,Mitsubishi Starior  white,LS Collectibles,Street,Black,1:18,
LS033E,,Mitsubishi Starior,LS Collectibles,Street,Purple,1:18,
LS033F,,Mitsubishi Starior,LS Collectibles,Street,Gray,1:18,
LS033G,,Mitsubishi Starior,LS Collectibles,Street,Yellow,1:18,
LS034A,,Lancia Delta Integrale Evolution II,LS Collectibles,Street,Yellow,1:18,
LS034B,,Lancia Delta Integrale Evolution II,LS Collectibles,Street,White,1:18,
LS034C,,Lancia Delta Integrale Evolution II,LS Collectibles,Street,Red,1:18,
LS034D,,Lancia Delta Integrale Evolution II,LS Collectibles,Street,Blue,1:18,
LS034E,,Lancia Delta Integrale Evolution II,LS Collectibles,Street,Black,1:18,
LS034F,,Lancia Delta Integrale Evolution II,LS Collectibles,Street,Red,1:18,
LS034H,,Lancia Delta Integrale Evolution II,LS Collectibles,Street,White,1:18,
LS034I,,Lancia Delta Integrale Evolution II,LS Collectibles,Street,Red,1:18,
LS034J,,Lancia Delta Integrale Evolution II,LS Collectibles,Street,Black,1:18,
LS036A,,AMG Mercedes,LS Collectibles,Street,Red,1:18,
LS036B,,AMG Mercedes,LS Collectibles,Street,Green,1:18,
LS036C,,AMG Mercedes,LS Collectibles,Street,White,1:18,
LS036D,,AMG Mercedes,LS Collectibles,Street,Black,1:18,
LS036E,,AMG Mercedes,LS Collectibles,Street,Silver,1:18,
LS036F,,AMG-Mercedes CL600 7.0 Coupe,LS Collectibles,Street,Blue,1:18,
LS036G,,AMG-Mercedes CL600 7.0 Coupe,LS Collectibles,Street,Gray,1:18,
LS037A,,Jeep Grand Wagoneer,LS Collectibles,Street,Blue,1:18,
LS037B,,Jeep Grand Wagoneer,LS Collectibles,Street,Orange,1:18,
LS037C,,Jeep Grand Wagoneer,LS Collectibles,Street,White,1:18,
LS037D,,Jeep Grand Wagoneer,LS Collectibles,Street,Yellow,1:18,
LS037E,,Jeep Grand Wagoneer,LS Collectibles,Street,Black,1:18,
LS037F,,Jeep Grand Wagoneer,LS Collectibles,Street,Green,1:18,
LS037G,,Jeep Grand Wagoneer,LS Collectibles,Street,Silver,1:18,
LS037H,,Jeep Grand Wagoneer,LS Collectibles,Street,Red,1:18,
LS038A,,Honda Prelude,LS Collectibles,Street,Red,1:18,
LS038B,,Honda Prelude,LS Collectibles,Street,Purple,1:18,
LS038C,,Honda Prelude,LS Collectibles,Street,Blue,1:18,
LS038D,,Honda Prelude,LS Collectibles,Street,Green,1:18,
LS038E,,Honda Prelude,LS Collectibles,Street,White,1:18,
LS039A,,ZL1 1LE Camaro Hennessey Exorcist,LS Collectibles,Street,White,1:18,
LS039B,,ZL1 1LE Camaro Hennessey Exorcist,LS Collectibles,Street,Red,1:18,
LS040A,,Nisan Fairlady Z300ZX Turbo,LS Collectibles,Street,Red,1:18,
LS040B,,Nisan Fairlady Z300ZX Turbo,LS Collectibles,Street,Silver,1:18,
LS040C,,Nisan Fairlady Z300ZX Turbo,LS Collectibles,Street,Black,1:18,
LS042A,,Mazda RX7,LS Collectibles,Street,Red,1:18,
LS042B,,Mazda RX7,LS Collectibles,Street,Yellow,1:18,
LS042C,,Mazda RX7,LS Collectibles,Street,Black,1:18,
LS043A,,Mazda RX7 1989,LS Collectibles,Street,Red,1:18,
LS043B,,Mazda RX7 1989,LS Collectibles,Street,White,1:18,
LS043C,,Mazda RX7 1989,LS Collectibles,Street,Black,1:18,
LS044A,,BMW Alpina B10,LS Collectibles,Street,Black,1:18,
LS044B,,BMW Alpina B10,LS Collectibles,Street,Green,1:18,
LS044C,,BMW Alpina B10,LS Collectibles,Street,Red,1:18,
LS044D,,BMW ALPINA B10 3.5,LS Collectibles,Street,Silver,1:18,
LS044E,,BMW ALPINA B10 3.5,LS Collectibles,Street,Blue,1:18,
LS044F,,BMW ALPINA B10 3.5,LS Collectibles,Street,White,1:18,
LS047A,,Mercedes 560 SEC Lorinser 1987,LS Collectibles,Street,Black,1:18,
LS047B,,Mercedes 560 SEC Lorinser 1987,LS Collectibles,Street,White,1:18,
LS047C,,Mercedes 560 SEC Lorinser 1987,LS Collectibles,Street,Silver,1:18,
LS050A,,Maserati Shamal,LS Collectibles,Street,Red,1:18,
LS050B,,Maserati Shamal,LS Collectibles,Street,Black,1:18,
LS050C,,Maserati Shamal,LS Collectibles,Street,Blue,1:18,
LS051A,,AMC Pacer,LS Collectibles,Street,Yellow,1:18,
LS051B,,AMC Pacer,LS Collectibles,Street,Red,1:18,
LS051C,,AMC Pacer,LS Collectibles,Street,Silver,1:18,
LS052A,,Isuzu Impulse Turbo RS,LS Collectibles,Street,Red,1:18,
LS052B,,Isuzu Impulse Turbo RS,LS Collectibles,Street,White,1:18,
LS052C,,Isuzu Impulse Turbo RS,LS Collectibles,Street,Black,1:18,
LS053A,,GMC Typhoon,LS Collectibles,Street,Black,1:18,
LS053B,,GMC Typhoon,LS Collectibles,Street,White,1:18,
LS053C,,GMC Typhoon,LS Collectibles,Street,Red,1:18,
LS054A,,Acura Integra Coupe 1990,LS Collectibles,Street,Red,1:18,
LS054B,,Acura Integra Coupe 1990,LS Collectibles,Street,White,1:18,
LS054C,,Acura Integra Coupe 1990,LS Collectibles,Street,Black,1:18,
LS055A,,Ford Bronco 1992,LS Collectibles,Street,White,1:18,
LS055B,,Ford Bronco 1992,LS Collectibles,Street,Green,1:18,
LS055C,,Ford Bronco 1992,LS Collectibles,Street,Black,1:18,
LS056A,,Toyota Land Cruiser 1987 J60,LS Collectibles,Street,White,1:18,
LS056B,,Toyota Land Cruiser 1987 J60,LS Collectibles,Street,Yellow,1:18,
LS056C,,Toyota Land Cruiser 1987 J60,LS Collectibles,Street,Silver,1:18,
LS057A,,"Dodge Shelby Charger Turbo 1985,Blu with Silver stripe",LS Collectibles,Street,,1:18,
LS057B,,"Dodge Shelby Charger Turbo 1985,Red with silver stripe",LS Collectibles,Street,,1:18,
LS057C,,"Dodge Shelby Charger Turbo 1985,Black with silver stripe",LS Collectibles,Street,,1:18,
LS064A,,Nissan Skyline 25 GT Turbo,LS Collectibles,Street,Blue,1:18,
LS064B,,Nissan Skyline 25 GT Turbo,LS Collectibles,Street,Black,1:18,
LS065A,,"Toyota JZX90 Mark II Tourer V, Royal Jade Pearl Green",LS Collectibles,Street,,1:18,
LS065B,,Toyota JZX90 Mark II Tourer V,LS Collectibles,Street,White,1:18,
LS065C,,Toyota JZX90 Mark II Tourer V,LS Collectibles,Street,Purple,1:18,
LS068A,,Dodge Stealth,LS Collectibles,Street,Blue,1:18,
LS068B,,Dodge Stealth,LS Collectibles,Street,Red,1:18,
LS068D,,Dodge Stealth,LS Collectibles,Street,White,1:18,
LS069A,,Celica GTS Liftback 1997,LS Collectibles,Street,Red,1:18,
LS069B,,Celica GTS Liftback 1997,LS Collectibles,Street,Blue,1:18,
LS069C,,Celica GTS Liftback 1997,LS Collectibles,Street,White,1:18,
TM1201A,,Lancia Delta Integrale Evolution II,Top Marques,Street,Yellow,1:18,
TM1201B,,Lancia Delta Integrale Evolution II - Martini,Top Marques,Street,,1:18,
TM1201C,,Lancia Delta Integrale Evolution II,Top Marques,Street,Red,1:18,
TM1201D,,Lancia Delta Integrale Evolution II - blue Lagos,Top Marques,Street,Blue,1:18,
TM1201E,,Lancia Delta Integrale Evolution II Jolly Club- Dark Blu,Top Marques,Street,Blue,1:18,
TM1201F,,"Lancia Delta Integrale Evolution , Red",Top Marques,Street,,1:18,
TM1201G,,Lancia Delta Integrale,Top Marques,Street,Red,1:18,
TM1201H,,Lancia Delta Integrale,Top Marques,Street,White,1:18,
TM1201I,,Lancia Delta Integrale,Top Marques,Street,Black,1:18,
TM1201K,,Lancia Delta Integrale,Top Marques,Street,Green,1:18,
TM1202A,,Dino 246 GT 1972,Top Marques,Street,Red,1:18,
TM1202B,,Dino 246 GT 1972,Top Marques,Street,Yellow,1:18,
TM1202C,,Dino 246 GT 1972 dark blue,Top Marques,Street,Blue,1:18,
TM1202D,,"Dino 246 GT 1972, light yellow",Top Marques,Street,Yellow,1:18,
TM1202E,,Dino 246 GT 1972,Top Marques,Street,Blue,1:18,
TM1202F,,Dino 246 GT 1972,Top Marques,Street,Black,1:18,
TM1202G,,Dino 246 GT 1972,Top Marques,Street,Red,1:18,
TM1202H,,Dino 246 GT 1972,Top Marques,Street,Green,1:18,
TM1202I,,Dino 246 GT 1972,Top Marques,Street,Orange,1:18,
TM1202J,,Dino 246 GT 1972,Top Marques,Street,Red,1:18,
TM1202K,,Dino 246 GT 1972 race,Top Marques,Racing,,1:18,
TM1203A,,Tesla S 2012,Top Marques,Street,White,1:18,
TM1203B,,Tesla S 2012,Top Marques,Street,Red,1:18,
TM1203C,,Tesla S 2012,Top Marques,Street,Blue,1:18,
TM1204A,,Ferrari 275,Top Marques,Street,Red,1:18,
TM1204B,,Ferrari 275,Top Marques,Street,Yellow,1:18,
TM1204C,,Ferrari 275,Top Marques,Street,Blue,1:18,
TM1204D,,"Ferarri 275 GTB/4 NART Spyder 1967, red",Top Marques,Racing,Black,1:18,
TM1204E,,"Ferarri 275 GTB/4 NART Spyder 1967, green",Top Marques,Racing,Black,1:18,
TM1204F,,"Ferarri 275 GTB/4 NART Spyder 1967, yellow",Top Marques,Racing,Black,1:18,
TM1204G,,"Ferarri 275 GTB/4 NART Spyder 1967, silver",Top Marques,Racing,Black,1:18,
TM1204H,,Ferarri 275 GTB/4 NART Spyder red,Top Marques,Racing,Black,1:18,
TM1204K,,Ferarri 275 GTB/4 Alloy wheels red,Top Marques,Racing,Black,1:18,
TM1204L,,Ferarri 275 GTB/4 Alloy wheels silver,Top Marques,Racing,Black,1:18,
TM1204M,,Ferarri 275 GTB/4 Alloy wheels black,Top Marques,Racing,Black,1:18,
TM1204P,,"275 GTB/4 with Alloy wheels, Red",Top Marques,Racing,Black,1:18,
TM1204Q,,"275 GTB/4 with wire wheels, Red met",Top Marques,Racing,Black,1:18,
TM1204R,,"275 GTB/4 with wire  wheels, Blu",Top Marques,Racing,Black,1:18,
TM1209A,,Ferarri 512 Bbi red,Top Marques,Racing,Black,1:18,
TM1209B,,Ferarri 512 Bbi yellow,Top Marques,Racing,Black,1:18,
TM1209C,,Ferarri 512 Bbi silver,Top Marques,Racing,Black,1:18,
TM1210A,,Audi RS2,Top Marques,Racing,Black,1:18,
TM1212A,,250 Lusso red,Top Marques,Racing,Black,1:18,
TM1212C,,250 Lusso blue,Top Marques,Racing,Black,1:18,
TM1212D,,250 Lusso cherry,Top Marques,Racing,Black,1:18,
TM1212E,,250 Lusso grey,Top Marques,Racing,Black,1:18,
TM1213A,,Prorche 911,Top Marques,Racing,Black,1:18,
TM1214A,,Mercedes CLK silver ,Top Marques,Racing,Black,1:18,
TM1214B,,Mercedes CLK black ,Top Marques,Racing,Black,1:18,
TM1217A,,Ferrari F40 red,Top Marques,Racing,Black,1:18,
TM1217B,,Ferrari F40 Yellow,Top Marques,Racing,Black,1:18,
TM1217C,,Ferrari F40 Black,Top Marques,Racing,Black,1:18,
TM1217E,,Ferrari F40 blue,Top Marques,Racing,Black,1:18,
TM1218A,,Porsche 993 Carrera yellow,Top Marques,Racing,Black,1:18,
TM1218B,,Porsche 993 Carrera silver,Top Marques,Racing,Black,1:18,
TM1219A,,"Ferrari F355 berlinetta, Red",Top Marques,Racing,Black,1:18,
TM1219B,,"Ferrari F355 berlinetta, Yellow",Top Marques,Racing,Black,1:18,
TM1219E,,"Ferrari F355 berlinetta, Blu met",Top Marques,Racing,Black,1:18,
TM1221A,,"Ferrari 355 Spyder, Rosso Corsa, Red",Top Marques,Racing,Black,1:18,
TM1221B,,"Ferrari 355 Spyder, Giallo Modena (Yellow)",Top Marques,Racing,Black,1:18,
TM1221C,,Ferrari 355 Spyder Grigio Titanio (Grey),Top Marques,Racing,Black,1:18,
TM1223A,,"Ferrari Dino 206 GT, red",Top Marques,Racing,Black,1:18,
TM1223B,,"Ferrari Dino 206 GT, yellow",Top Marques,Racing,Black,1:18,
TM1223C,,"Ferrari Dino 206 GT, met blu",Top Marques,Racing,Black,1:18,
TM1227A,,"Ferrari 308 GT4 Dino, Red",Top Marques,Racing,Black,1:18,
TM4301A,,Lancia Delta Integrale Evoluzione (Pre-Order),Top Marques,Racing,Red,1:43,
TM4301B,,Lancia Delta Integrale Evoluzione (Pre-Order),Top Marques,Racing,Yellow,1:43,
TM4301C,,Lancia Delta Integrale Evoluzione (Pre-Order),Top Marques,Racing,White,1:43,
TM4301D,,Lancia Delta Integrale Evoluzione (Pre-Order),Top Marques,Racing,Blue,1:43,
TM4301E,,Lancia Delta Integrale Evoluzione (Pre-Order),Top Marques,Racing,Black,1:43,
TM4302A,,Hoonigan Pick Up Truck (Pre-Order),Top Marques,Racing,Black,1:43,
TM4303A,,Hoonigan Hoonicorn V1 (Pre-Order),Top Marques,Racing,Black,1:43,
TM4303B,,Hoonigan Hoonicorn V2 Stars & Stripes (Pre-Order),Top Marques,Racing,Black,1:43,
TM4304A,,Lancia Delta MC Rallye Car 1992 (Pre-Order),Top Marques,Racing,Black,1:43,
TM4304B,,Lancia Delta MC Rallye Car 1992 (Pre-Order),Top Marques,Racing,Black,1:43,
TM801A,,"Lancia Delta Integrale Evolution, Cherry ",Top Marques,Racing,Black,1:18,
TMPD01A,,Range Rover W. Paris dacar 1986,Top Marques,Racing,Black,1:18,
TMPD01AD,,Range Rover W. Paris dacar 1986 d.v.,Top Marques,Racing,Black,1:18,
TMPD03A,,Peugeot 405 GT  w.1990,Top Marques,Racing,Black,1:18,
TMPD03AD,,Peugeot 405 GT w.1990 d.v.,Top Marques,Racing,Black,1:18,
TMPD03B,,Peugeot 405 GT  2nd number 204,Top Marques,Racing,Black,1:18,
TMPD03C,,Peugeot 405 GT  w.1989 blue,Top Marques,Racing,Black,1:18,
TMPD03CD,,Peugeot 405 GT  w.1989 blue dirty,Top Marques,Racing,Black,1:18,
TMPD03D,,Peugeot 405 GT  2nd place 1990,Top Marques,Racing,Black,1:18,
TMPD03DD,,Peugeot 405 GT  w.1989 blue dirty with lights,Top Marques,Racing,Black,1:18,
TMPD04B,,Renault RW 20 Paris Dakar winner 82,Top Marques,Racing,Black,1:18,
TMPD05A,,Renault Buggy Schlesser 1999 n. 250 - JL.Schlesser/P. Monnet,Top Marques,Racing,Black,1:18,
TMR1201A,,Lancia Delta MC w 1992,Top Marques,Racing,Black,1:18,
TMR1201AD,,Lancia Delta MC w 1992 d.v.,Top Marques,Racing,Black,1:18,
TMR1201AN,,Lancia Delta MC Winner 1992 Night version-n.4-Autiol/Occelli,Top Marques,Racing,Black,1:18,
TMR1201C,,Lancia Delta Tour de Course win 92,Top Marques,Racing,Black,1:18,
TMR1201CD,,Lancia Delta Tour de Course win 92,Top Marques,Racing,Black,1:18,
TMR1202A,,Subaru Impreza S4 WRC 1998 racing,Top Marques,Racing,Black,1:18,
TMR1202AD,,Subaru Impreza S4 WRC 1998 dirty,Top Marques,Racing,Black,1:18,
TMR1202AW,,Subaru Impreza S4 WRC 1998 blue,Top Marques,Racing,Black,1:18,
TMR1202B,,Subaru 98 Tour De Corse Winner Mc Rae Grist,Top Marques,Racing,Black,1:18,
TMR1202BAW,,Subaru ready to Race ,Top Marques,Racing,Black,1:18,
TMR1202BD,,Subaru Impreza S4 WRC 98 Tour De corse dirty,Top Marques,Racing,Black,1:18,
TMR1203A,,Ford Mustang  '65 Hoonigan,Top Marques,Racing,Black,1:18,
TMR1203B,,Ford Mustang  '65 Hoonigan with stars,Top Marques,Racing,Black,1:18,
TMR1203C,,Ford Mustang  '65 Hoonigan black edition,Top Marques,Racing,Black,1:18,
TMR1204A,,Lancia Delta S4 86 Montecarlo W,Top Marques,Racing,Black,1:18,
TMR1204AD,,Lancia Delta S4 86 Montecarlo W dirty,Top Marques,Racing,Black,1:18,
TMR1204B,,Lancia Delta S4 86 Montecarlo W dirty,Top Marques,Racing,Black,1:18,
TMR1204BD,,Lancia Delta S4 86 San Remo  W dirty,Top Marques,Racing,Black,1:18,
TMR1204C,,Lancia Delta S4 86 Esso,Top Marques,Racing,Black,1:18,
TMR1204CD,,Lancia Delta S4 86 Esso  dirty,Top Marques,Racing,Black,1:18,
TMR1204D,,Lancia Delta S4 86 San Remo  W,Top Marques,Racing,Black,1:18,
TMR1204E,,Lancia Delta S4 Tour de Cose 86,Top Marques,Racing,Black,1:18,
TMR1205A,,250 GT SWB red,Top Marques,Racing,Black,1:18,
TMR1205B,,250 GT SWB yellow,Top Marques,Racing,Black,1:18,
TMR1205C,,250 GT SWB silver,Top Marques,Racing,Black,1:18,
TMR1205D,,250 GT SWB black,Top Marques,Racing,Black,1:18,
TMR1205E,,250 GT SWB silver Chassis black,Top Marques,Racing,Black,1:18,
TMR1205G,,250 GT SWB silver number,Top Marques,Racing,Black,1:18,
TMR1206A,,Lancia Delta 4WD 87 winner,Top Marques,Racing,Black,1:18,
TMR1206AD,,"Lancia Delta 4WD 87 winner, dirty version",Top Marques,Racing,Black,1:18,
TMR1211A,,"Porsche 904 GTS, silver",Top Marques,Racing,Black,1:18,
TMR1211B,,"Porsche 904 GTS, red",Top Marques,Racing,Black,1:18,
TMR1214A,,Toyota Celica St 185 MC w 93,Top Marques,Racing,Black,1:18,
TMR1214AD,,Toyota Celica St 185 MC w 93 dirty,Top Marques,Racing,Black,1:18,
TMR1216A,,Subaru Impreza S7 555,Top Marques,Racing,Black,1:18,
TMR1217A,,Porsche 935 K3 Jägermeister - N. 2 - ORANGE Axel Plankenhorn,Top Marques,Racing,Black,1:18,
TMR1217B,,Porsche 935 K3 Coca Cola - N. 5 - RED - Bob Akin,Top Marques,Racing,Black,1:18,
TMR1218A,,"Lancia Delta 16v 1990- N. 1 - 3rd place in 1990 MonteCarlo Rallye, Biason/ Siviero",Top Marques,Racing,Black,1:18,
TMR1218AD,,"Lancia Delta 16v 1990- N. 1 - 3rd place in 1990 MonteCarlo Rallye, Biason/ Siviero-dirty version",Top Marques,Racing,Black,1:18,
TMR1218E,,"Lancia Delta 16v 1990- N. 7 - Winner 1990 Montecarlo Rally , Auriol/Occelli",Top Marques,Racing,Black,1:18,
TOP005E,,Lancia Thema 8.32 II series,Top Marques,Racing,Red,1:18,
TOP007A,,,Top Marques,Racing,Black,1:18,
TOP008A,,Maserati Ghibli,Top Marques,Racing,Silver,1:18,
TOP008C,,Maserati Ghibli,Top Marques,Racing,White,1:18,
TOP012C,,Maserati Granturismo MC Stradale,Top Marques,Racing,Gray,1:18,
TOP013B,,Maserati Grancabrio MC,Top Marques,Racing,Red,1:18,
TOP013C,,Maserati Grancabrio MC,Top Marques,Racing,Gray,1:18,
TOP015A,,Dodge Viper SRT,Top Marques,Racing,Black,1:18,
TOP015B,,Dodge Viper SRT,Top Marques,Racing,Blue,1:18,
TOP015C,,Dodge Viper SRT,Top Marques,Racing,White,1:18,
TOP016A,,Jeep Grand Cherokee SRT8,Top Marques,Racing,Red,1:18,
TOP016C,,Jeep Grand Cherokee SRT8,Top Marques,Racing,Black,1:18,
TOP019A,,Lancia Beta Montecarlo #576 Giro D'Italia Gilles Villesneuve,Top Marques,Racing,White,1:18,
TOP020A,,Lancia Thema 8.32 I series,Top Marques,Street,Red,1:18,
TOP021A,,Lancia Beta Montecarlo Le Mans 65,Top Marques,Racing,Black,1:18,
TOP021B,,Lancia Beta Montecarlo Le Mans 66,Top Marques,Racing,Black,1:18,
TOP021C,,Lancia Beta Montecarlo Le Mans 67,Top Marques,Racing,Black,1:18,
TOP 22.00,,Lancia Beta Montecarlo Turbo Fruit of the Loom,Top Marques,Racing,Blue,1:18,
TOP022A,,Lancia Beta Montecarlo Turbo Fruit,Top Marques,Racing,Black,1:18,
TOP023A,,Maserati Quattroporte III - black,Top Marques,Racing,Black,1:18,
TOP023BS,,Maserati Quattroporte III - brown,Top Marques,Racing,Black,1:18,
TOP023P,,Maserati Quattroporte III - presidenziale,Top Marques,Racing,Black,1:18,
TOP024A,,Lancia 4WD MC 1987,Top Marques,Racing,Black,1:18,
TOP024AD,,Lancia 4WD MC 1987 dirty,Top Marques,Racing,Black,1:18,
TOP024B,,Lancia 4WD MRAC rally w 1987,Top Marques,Racing,Black,1:18,
TOP024C,,Lancia 4WD MC 1988,Top Marques,Racing,Black,1:18,
TOP024D,,Lancia 4WD MC 1988 dirty,Top Marques,Racing,Black,1:18,
TOP024E,,Lancia 4WD  San Remo 1987,Top Marques,Racing,Black,1:18,
TOP024F,,Lancia 4WD Esso 1987,Top Marques,Racing,Black,1:18,
TOP025A,,Maserati Bora - red,Top Marques,Racing,Black,1:18,
TOP025B,,Maserati Bora - blue,Top Marques,Racing,Black,1:18,
TOP 29.00,,Audi Pikes Peak Winner Bob Unser,Top Marques,Racing,White,1:18,
TOP029A,,Audi Pikes Peak W Bon Unser ,Top Marques,Racing,Black,1:18,
TOP030AS,,Lykan Hypersport red,Top Marques,Racing,Black,1:18,
TOP030C,,Lykan Hypersport black,Top Marques,Racing,Black,1:18,
TOP030D,,Lykan Hypersport blue,Top Marques,Racing,Black,1:18,
TOP030E,,Lykan Hypersport cheries ,Top Marques,Racing,Black,1:18,
TOP 32.00,,Alfa Romeo 75 Turvo Evo,Top Marques,Racing,Black,1:18,
TOP033A,,Maserati Khamsin red,Top Marques,Racing,Black,1:18,
TOP033B,,Maserati Khamsin yellow,Top Marques,Racing,Black,1:18,
TOP033C,,Maserati Khamsin silver,Top Marques,Racing,Black,1:18,
TOP033D,,Maserati Khamsin white,Top Marques,Racing,Black,1:18,
TOP033E,,Maserati Khamsin blu,Top Marques,Racing,Black,1:18,
TOP033F,,Maserati Khamsin brown,Top Marques,Racing,Black,1:18,
TOP034A,,Toyota W. Mcarlo'93 Castrol raice,Top Marques,Racing,Black,1:18,
TOP034AD,,Toyota W. Mcarlo'93 Castrol dirty,Top Marques,Racing,Black,1:18,
TOP034AW,,Toyota Celica St 185 Test car white,Top Marques,Racing,Black,1:18,
TOP034B,,Toyota Celica 1992  white,Top Marques,Racing,Black,1:18,
TOP034BN,,Toyota Celica W. rac'92 repsol night version,Top Marques,Racing,Black,1:18,
TOP034C,,Toyota Celica W.rac'94 Castrol,Top Marques,Racing,Black,1:18,
TOP034CD,,Toyota Celica W. Sanremo dirty ,Top Marques,Racing,Black,1:18,
TOP034D,,Toyota Celica 1000 lakes rally'93,Top Marques,Racing,Black,1:18,
TOP034E,,Toyota Celica w tour de Corse'94,Top Marques,Racing,Black,1:18,
TOP034F,,Toyota Celica w. Safari'92,Top Marques,Racing,Black,1:18,
TOP034G,,Toyota Celica 4WD Rally Catalunia'92,Top Marques,Racing,Black,1:18,
TOP034H,,Toyota Celica 4WD Rally Safari'93,Top Marques,Racing,Black,1:18,
TOP034HD,,Toyota Celica w. Safari 1993  castrol dirty,Top Marques,Racing,Black,1:18,
TOP036A,,Huracan 2016 World Finals,Top Marques,Racing,Black,1:18,
TOP036B,,Huracan 2015 Presentation,Top Marques,Racing,Black,1:18,
TOP037A,,Subaru Impreza S7 555WRT,Top Marques,Racing,Black,1:18,
TOP037AB,,SubaruImpreza S7 w/out decals,Top Marques,Racing,Black,1:18,
TOP037AD,,Subaru Impreza S7 555 dirty,Top Marques,Racing,Black,1:18,
TOP037B,,Subaru Impreza N. 5 w. New Zealand 2001,Top Marques,Racing,Black,1:18,
TOP037BD,,Subaru Impreza N. 5 w. New Zealand 2001 dirty,Top Marques,Racing,Black,1:18,
TOP037C,,Subaru Impreza N. 5 handlamps,Top Marques,Racing,Black,1:18,
TOP037CD,,Subaru Impreza N. 5 handlamps d.v.,Top Marques,Racing,Black,1:18,
TOP039A,,Jaguar 220 green,Top Marques,Racing,Black,1:18,
TOP039B,,Jaguar 220 dark met. Blue,Top Marques,Racing,Black,1:18,
TOP039C,,Jaguar 220 silver,Top Marques,Racing,Black,1:18,
TOP039D,,Jaguar 220 black,Top Marques,Racing,Black,1:18,
TOP039E,,Jaguar 220 dark red,Top Marques,Racing,Black,1:18,
TOP039F,,Jaguar 220 dark purple,Top Marques,Racing,Black,1:18,
TOP039G,,Jaguar 220 Dow Law edition,Top Marques,Racing,Black,1:18,
TOP040A,,Subaru M.Carlo '98 2p,Top Marques,Racing,Black,1:18,
TOP040AD,,Subaru M.Carlo '98 2p d.v.,Top Marques,Racing,Black,1:18,
TOP040AW,,Subaru M.Carlo '98 2p ready to race,Top Marques,Racing,Black,1:18,
TOP040B,,Subaru Impreza S4 WRC Tour de Corse 1998,Top Marques,Racing,Black,1:18,
TOP040BD,,Subaru Impreza S4 WRC Tour de Corse 1998 d.v.,Top Marques,Racing,Black,1:18,
TOP040C,,Subaru Impreza S4 WRC 2nd San Remo 98,Top Marques,Racing,Black,1:18,
TOP040CD,,Subaru Impreza S4 WRC San Remo dirty,Top Marques,Racing,Black,1:18,
TOP040D,,Subaru Impreza S4 Portogal w 98,Top Marques,Racing,Black,1:18,
TOP040DD,,Subaru Impreza S4 WRC Portugal dirty,Top Marques,Racing,Black,1:18,
TOP042A,,Dodge Viper GTS-R Oreca Le Mansa W.99,Top Marques,Racing,Black,1:18,
TOP042AD,,Dodge Viper GTS-R Oreca W.99,Top Marques,Racing,Black,1:18,
TOP042B,,Dodge Viper GTS-R Oreca Daytona w.2000,Top Marques,Racing,Black,1:18,
TOP042BD,,Dodge Viper GTS-R Dirty,Top Marques,Racing,Black,1:18,
TOP043A,,Fiat 131 Abarth San Remo w,Top Marques,Racing,Black,1:18,
TOP043A1W,,"Fiat 131 Abarth Winn,S.Remo d.v.",Top Marques,Racing,Black,1:18,
TOP043A1Y,,Fiat 131 Abarth white,Top Marques,Racing,Black,1:18,
TOP043AD,,Fiat 131 Abarth yellow,Top Marques,Racing,Black,1:18,
TOP043B,,Fiat 131 Abarth M. Carlo,Top Marques,Racing,Black,1:18,
TOP043BD,,Fiat 131 Abarth M. Carlo d.v.,Top Marques,Racing,Black,1:18,
TOP043C,,Fiat 131 Abarth W.Mcarlo,Top Marques,Racing,Black,1:18,
TOP043CD,,Fiat 131 Abarth W.Mcarlo d.v.,Top Marques,Racing,Black,1:18,
TOP043D,,Fiat 131 Abarth W.Sanremo 1980,Top Marques,Racing,Black,1:18,
TOP043DD,,Fiat 131 Abarth W.Sanremo 1980 d.v.,Top Marques,Racing,Black,1:18,
TOP043E,,Fiat 131 Abarth W.1000 Lakes,Top Marques,Racing,Black,1:18,
TOP043ED,,Fiat 131 Abarth W.1000 Lakes d.v.,Top Marques,Racing,Black,1:18,
TOP043H,,Fiat 131 Abarth - 1982 TOTIP Rally d'Elba-Bernacchini/Zanussi,Top Marques,Racing,Black,1:18,
TOP043HD,,waiting,Top Marques,Racing,Black,1:18,
TOP044A,,Toyota St. 165 n.2 W. M.Carlo '91,Top Marques,Racing,Black,1:18,
TOP044AB,,Toyota Celica St 165 MC Winner 1991,Top Marques,Racing,White,1:18,
TOP044AD,,Toyota St. 165 n.2 W. M.Carlo '91 d.v.,Top Marques,Racing,Black,1:18,
TOP044AW,,Toyota St. 165 white col. w/out,Top Marques,Racing,Black,1:18,
TOP044B,,Toyota St. 165 Safari'90,Top Marques,Racing,Black,1:18,
TOP044BD,,Toyota St. 165 Safari'90 dirty,Top Marques,Racing,Black,1:18,
TOP046A,,Mosler MT900 orange,Top Marques,Racing,Black,1:18,
TOP046B,,Mosler MT900 silver,Top Marques,Racing,Black,1:18,
TOP046C,,Mosler MT900 yellow,Top Marques,Racing,Black,1:18,
TOP047A,,Apollo Arrow 2016 orange,Top Marques,Racing,Black,1:18,
TOP047B,,"Apollo Arrow, blue ",Top Marques,Racing,Black,1:18,
TOP047C,,"Apollo Arrow,white",Top Marques,Racing,Black,1:18,
TOP047D,,"Apollo Arrow, green",Top Marques,Racing,Black,1:18,
TOP048A,,Ford Mustang  '65 Hoonigan,Top Marques,Racing,Black,1:18,
TOP048B,,Ford Mustang  '65 Hoonigan with stars,Top Marques,Racing,Black,1:18,
TOP048C,,Ford Mustang  '65 Hoonigan black,Top Marques,Racing,Black,1:18,
TOP051A,,Morgan Aero Sport red,Top Marques,Racing,Black,1:18,
TOP051B,,Morgan Aero Sport purple ,Top Marques,Racing,Black,1:18,
TOP051C,,Morgan Aero Sport gray,Top Marques,Racing,Black,1:18,
TOP052A,,Nobe M600 blue,Top Marques,Racing,Black,1:18,
TOP052B,,Nobe M600 red,Top Marques,Racing,Black,1:18,
TOP052C,,Nobe M600 orange,Top Marques,Racing,Black,1:18,
TOP053A,,Saleen S7 Twin Turbo red,Top Marques,Racing,Black,1:18,
TOP053B,,Saleen S7 Twin Turbo orenge,Top Marques,Racing,Black,1:18,
TOP053C,,Saleen S7 Twin Turbo blue,Top Marques,Racing,Black,1:18,
TOP053D,,Saleen S7 Twin Turbo yellow,Top Marques,Racing,Black,1:18,
TOP053E,,Saleen S7 Twin Turbo silver,Top Marques,Racing,Black,1:18,
TOP055A,,Lotus Elise Gt1 black,Top Marques,Racing,Black,1:18,
TOP055B,,Lotus Elise Gt1 thai racing,Top Marques,Racing,Black,1:18,
TOP055C,,Lotus Elise Gt1 yellow green racing,Top Marques,Racing,Black,1:18,
TOP056A,,Toyota Castrol Toms GT/4,Top Marques,Racing,Black,1:18,
TOP056B,,Toyota Castr Black edidion,Top Marques,Racing,Black,1:18,
TOP064A,,"Gemballa MIG, yellow",Top Marques,Racing,Black,1:18,
TOP064B,,"Gemballa MIG, blue",Top Marques,Racing,Black,1:18,
TOP064C,,"Gemballa MIG, black",Top Marques,Racing,Black,1:18,
TOP064D,,"Gemballa MIG, red",Top Marques,Racing,Black,1:18,
TOP065A,,"David Brown Speedback GT, silver",Top Marques,Racing,Black,1:18,
TOP065B,,"David Brown Speedback GT, green",Top Marques,Racing,Black,1:18,
TOP065C,,"David Brown Speedback GT, red",Top Marques,Racing,Black,1:18,
TOP066A,,Lancia Dleta Mc W 92,Top Marques,Racing,Black,1:18,
TOP066AD,,Lancia Dleta Mc W 92 dirty,Top Marques,Racing,Black,1:18,
TOP066C,,Lancia Dlet Astra WRC Portugal 93,Top Marques,Racing,Black,1:18,
TOP066H,,Lancia Dleta Integrale Tour de Corse ,Top Marques,Racing,Black,1:18,
TOP067A,,Lancia Statos Zero conept red,Top Marques,Racing,Black,1:18,
TOP067B,,Lancia Statos Zero conept silver,Top Marques,Racing,Black,1:18,
TOP068A,,Ferrari F40 LM Barchetta yellow,Top Marques,Racing,Black,1:18,
TOP068B,,Ferrari F40 LM Barchetta red,Top Marques,Racing,Black,1:18,
TOP068C,,"Ferrari F40 LM Beurlys Barchetta, Black",Top Marques,Racing,Black,1:18,
TOP068D,,"Ferrari F40 LM Beurlys Barchetta, Blu",Top Marques,Racing,Black,1:18,
TOP083A,,Pinifarna Modulo 1970 Genova white,Top Marques,Racing,Black,1:18,
TOP083B,,Pinifarna Modulo 1970 Genova black,Top Marques,Racing,Black,1:18,
TOP084A,,"Alfa Romeo Carabo 1968 Paris Auto Show, dark green/black",Top Marques,Racing,Black,1:18,
TOP085A,,Ferrari 512S yellow,Top Marques,Racing,Black,1:18,
TOP085B,,"Ferrari 512 Prototype Salone di Torino 1969, white",Top Marques,Racing,Black,1:18,
TOP086A,,Honigan Supra Mech red,Top Marques,Racing,Black,1:18,
TOP086B,,Honigan Supra Mech light red ,Top Marques,Racing,Black,1:18,
TOP086C,,Honigan Supra Mech grey,Top Marques,Racing,Black,1:18,
TOP088A,,Dino 246 red,Top Marques,Racing,Black,1:18,
TOP088B,,Dino 246 yellow,Top Marques,Racing,Black,1:18,
TOP088C,,Dino 246 black,Top Marques,Racing,Black,1:18,
TOP089A,,Ferri 275 gtb/4 red,Top Marques,Racing,Black,1:18,
TOP089B,,Ferri 275 gtb/4 yellow,Top Marques,Racing,Black,1:18,
TOP089C,,Ferri 275 gtb/4 blue,Top Marques,Racing,Black,1:18,
TOP090A,,Ford F150 Hoonitruck,Top Marques,Racing,Black,1:18,
TOP094A,,Ferrari P06 blue,Top Marques,Racing,Black,1:18,
TOP094B,,Ferrari P06 silver,Top Marques,Racing,Black,1:18,
TOP094C,,Ferrari P06 white,Top Marques,Racing,Black,1:18,
TOP095A,,Lamborghini 350GT- sivler,Top Marques,Racing,Black,1:18,
TOP095B,,Lamborghini 350GT - red,Top Marques,Racing,Black,1:18,
TOP095C,,"Lamborghini 350 GT, black",Top Marques,Racing,Black,1:18,
TOP095D,,"Lamborghini 350 GT, blu",Top Marques,Racing,Black,1:18,
TOP095E,,"Lamborghini 350 GT, green",Top Marques,Racing,Black,1:18,
TOP095F,,"Lamborghini 350 GT, white",Top Marques,Racing,Black,1:18,
TOP096A,,"Ferrari F355 Berlinetta, red - part openable",Top Marques,Racing,Black,1:18,
TOP096B,,"Ferrari F355 Berlinetta, yellow - part openable",Top Marques,Racing,Black,1:18,
TOP096C,,"Ferrari F355 Berlinetta, black - part openable",Top Marques,Racing,Black,1:18,
TOP098A,,"Ferrari F40, red",Top Marques,Racing,Black,1:18,
TOP098B,,"Ferrari F40, Yellow",Top Marques,Racing,Black,1:18,
TOP098C,,"Ferrari F40, black",Top Marques,Racing,Black,1:18,
TOP098E,,"Ferrari F40, blu",Top Marques,Racing,Black,1:18,
TOP 106.00,,Blah blah,Top Marques,Racing,Green,1:18,
TOPSET001,,Ford Mustang  '65 Hoonigan SET,Top Marques,Racing,Black,1:18,
TOPSET002,,Toytoa MC SET,Top Marques,Racing,Black,1:18,
TOPSET003,, MC SET Paris Dakar,Top Marques,Racing,Black,1:18,
TOPSET006,,Pininfarina Design Set,Top Marques,Racing,Black,1:18,
YYYYYY,,33eeeedddddd,Top Marques,Racing,Green,1:18,wwww
ZTEST,,Test product,Top Marques,Racing,Black,1:18,notes
ZZZ,,sssss,Top Marques,Racing,Red,1:18,wwww
xxxx,,ddqdqqascacs,Top Marques,Racing,White,1:12,notes
xxxxxxx,,ssssseeewwwwww,Top Marques,Racing,,1:12,qqq